folder_name,drive_url,category,file_count,child_folder_count,audit_status,issues,decision,article_status,showcase_status,showcase_note
3.1.2026 คุณเม่น&คุณต่อ,https://drive.google.com/drive/folders/1iRfD64T1fv6lSfq2hcxyM8QcMHWTanNL,wedding,20,0,exclude_possible_private_item,20 wedding images; one thumbnail looks like a LINE congratulatory/chat screenshot. Exclude from public gallery unless clearly verified/appropriate.,,,ยังไม่พร้อมทำโชว์เคสจากชุดนี้,ชุดปัจจุบันเป็นภาพส่วนตัว/เอกสารอ้างอิง/ว่าง/มีภาพไม่พอ หรือยังไม่ใช่งานเดี่ยว; ต้องหาไฟล์งานที่เหมาะสมก่อน รายละเอียดตรวจ: 20 wedding images; one thumbnail looks like a LINE congratulatory/chat screenshot. Exclude from public gallery unless clearly verified/appropriate.
4.2.2026 คุณเบบี๋&คุณแชมป์,https://drive.google.com/drive/folders/1Qg1ijZl4PKQuFmmdKADrSDdlRRGwa-rJ,wedding,36,0,confirmed_mixed,30 files named for another couple (แจ–เบนซ์); 6 files match this folder. Separate.,,,คัด/แยกภาพและยืนยันชุดก่อน,ใช้รูปแบบ title + body ซ้ำ title + gallery ได้หลังแยกภาพให้เป็นงาน/คู่เดียวกันและตัดภาพแชตหรือภาพส่วนตัวออก รายละเอียดตรวจ: 30 files named for another couple (แจ–เบนซ์); 6 files match this folder. Separate.
4.11.2023,https://drive.google.com/drive/folders/1vt-pK-xyvN8Q26X8Nc6cP_YcTBj5dMj6,unclear,,,needs_context,8 images appear highly repetitive (two recurring scenes); event identity/story context not clear from folder name.,,,ยืนยันชื่อเรื่องและความตรงของภาพก่อน,รูปแบบสั้นไม่จำเป็นต้องมีวัน สถานที่ หรือบทบาททีม แต่ต้องรู้ว่าภาพเป็นงานใดและใช้ title อะไรได้อย่างถูกต้อง รายละเอียดตรวจ: 8 images appear highly repetitive (two recurring scenes); event identity/story context not clear from folder name.
5.3.2025,https://drive.google.com/drive/folders/10irOmtEn2zP785D0zX8KzweDPk5yoWnr,unclear,,,needs_event_identity,"50 sequential files appear to show one site/corporate event (hard hats/presentation), but folder has date only; identify event and team role.",,,ยืนยันชื่อเรื่องและความตรงของภาพก่อน,"รูปแบบสั้นไม่จำเป็นต้องมีวัน สถานที่ หรือบทบาททีม แต่ต้องรู้ว่าภาพเป็นงานใดและใช้ title อะไรได้อย่างถูกต้อง รายละเอียดตรวจ: 50 sequential files appear to show one site/corporate event (hard hats/presentation), but folder has date only; identify event and team role."
5.7.2026 คุณมินท์&คุณฉัตร,https://drive.google.com/drive/folders/1-UPx83hN7MB9fwTx6GQ_OWmt70Ypd0MT,wedding,28,0,confirmed_mixed,12 files named for this couple and 16 for another couple (หยก–ทิว). Separate.,,published:/admin/content/projects/min-chat-wedding (มีหน้าอยู่แล้ว; โฟลเดอร์ต้นทางปนงาน),มีผลงานเผยแพร่แล้ว — ไม่สร้างซ้ำ,จับคู่กับหน้าผลงานเดิมใน localhost; ถ้าจะเพิ่มภาพให้ตรวจว่าเป็นชุดเดียวกับหน้าเดิมก่อน รายละเอียดตรวจ: 12 files named for this couple and 16 for another couple (หยก–ทิว). Separate.
7.3.2026 คุณตุ๊กตา&คุณกร,https://drive.google.com/drive/folders/1VSIk_r3eTD4-2vuIfx5PkhWy-hAw40Zb,wedding,50,0,confirmed_mixed,48 files named for เบบี๋–แชมป์ and only 2 for ตุ๊กตา–กร. Severe mismatch.,,published:/admin/content/projects/tukta-korn-wedding (มีหน้าอยู่แล้ว; โฟลเดอร์ต้นทางปนงาน),มีผลงานเผยแพร่แล้ว — ไม่สร้างซ้ำ,จับคู่กับหน้าผลงานเดิมใน localhost; ถ้าจะเพิ่มภาพให้ตรวจว่าเป็นชุดเดียวกับหน้าเดิมก่อน รายละเอียดตรวจ: 48 files named for เบบี๋–แชมป์ and only 2 for ตุ๊กตา–กร. Severe mismatch.
8.2.2025 คุณหม่อม&คุณแบงค์,https://drive.google.com/drive/folders/1lnWzbrSbDOLTCT3miIHdtjmzEjLhhEHO,wedding,35,0,confirmed_mixed,22 files named for หม่อม–แบงค์ and 13 named งานคอลลี่ย์.,,published:/admin/content/projects/mom-bank-wedding (มีหน้าอยู่แล้ว; โฟลเดอร์ต้นทางปนงาน),มีผลงานเผยแพร่แล้ว — ไม่สร้างซ้ำ,จับคู่กับหน้าผลงานเดิมใน localhost; ถ้าจะเพิ่มภาพให้ตรวจว่าเป็นชุดเดียวกับหน้าเดิมก่อน รายละเอียดตรวจ: 22 files named for หม่อม–แบงค์ and 13 named งานคอลลี่ย์.
8.4.2026 คุณอุ๋ม&คุณปิง,https://drive.google.com/drive/folders/1wBzCz-jdfXxK7_9_Q_p1ogj4r2TO8ZH7,wedding,19,0,confirmed_mixed,"Files name three sets: คันแทแฟชั่นโชว์, กระต่าย–ต๋อง and อุ๋ม–ปิง.",,published:/admin/content/projects/aum-ping-wedding (มีหน้าอยู่แล้ว; โฟลเดอร์ต้นทางปนงาน),มีผลงานเผยแพร่แล้ว — ไม่สร้างซ้ำ,"จับคู่กับหน้าผลงานเดิมใน localhost; ถ้าจะเพิ่มภาพให้ตรวจว่าเป็นชุดเดียวกับหน้าเดิมก่อน รายละเอียดตรวจ: Files name three sets: คันแทแฟชั่นโชว์, กระต่าย–ต๋อง and อุ๋ม–ปิง."
9.3.2025 คุณหญิงนุ้ย&คุณเบียร์,https://drive.google.com/drive/folders/1IIHqyENJgMY0Wr9ruJUKtYel_ofcY4xm,wedding,1,0,insufficient_assets,Only one group image; filename date token differs from the folder date.,,,ยังไม่พร้อมทำโชว์เคสจากชุดนี้,ชุดปัจจุบันเป็นภาพส่วนตัว/เอกสารอ้างอิง/ว่าง/มีภาพไม่พอ หรือยังไม่ใช่งานเดี่ยว; ต้องหาไฟล์งานที่เหมาะสมก่อน รายละเอียดตรวจ: Only one group image; filename date token differs from the folder date.
9.3.2025 คุณหมิว&คุณภูมิ,https://drive.google.com/drive/folders/1pDEvvYtgSrUGobvP2yj8QqBGyc-Q7UAD,wedding,41,0,dedupe_required,"Names mostly match the same couple/date, but several filename sequences and thumbnails repeat.",,published:/admin/content/projects/mew-phum-wedding,มีผลงานเผยแพร่แล้ว — ไม่สร้างซ้ำ,"จับคู่กับหน้าผลงานเดิมใน localhost; ถ้าจะเพิ่มภาพให้ตรวจว่าเป็นชุดเดียวกับหน้าเดิมก่อน รายละเอียดตรวจ: Names mostly match the same couple/date, but several filename sequences and thumbnails repeat."
10.3.2025 คุณมี่&คุณเท่,https://drive.google.com/drive/folders/1yHOgS9aCpi9LTqSTGskg_H6ZQCPNVStF,wedding,,,partial,,,published:/admin/content/projects/mee-the-wedding,มีผลงานเผยแพร่แล้ว — ไม่สร้างซ้ำ,จับคู่กับหน้าผลงานเดิมใน localhost; ถ้าจะเพิ่มภาพให้ตรวจว่าเป็นชุดเดียวกับหน้าเดิมก่อน
10.5.2026 คุณเฟริน&คุณตุ๊ดตู่,https://drive.google.com/drive/folders/11w1Z3bnpM9IwuU3nca7u3iN-wFnFDxey,wedding,50,0,coherent_names_only,50 filenames match this couple; visual review/context facts still needed.,,,ทำโชว์เคสแบบสั้นได้เมื่อได้ภาพและตรวจความตรง,ใช้ title จากชื่อโฟลเดอร์และใส่ gallery ได้; ไม่ต้องเติมข้อมูลวัน/สถานที่/บริการที่ไม่มีหลักฐาน รายละเอียดตรวจ: 50 filenames match this couple; visual review/context facts still needed.
10.12.2023,https://drive.google.com/drive/folders/11KYl00eRghgW8G4GI1tpxYBLlyGGBaUX,unclear,27,1,confirmed_mixed,18 files named 10.12.2023 plus 9 named 21.11.2023 and subfolder โพสเฟส.,,,คัด/แยกภาพและยืนยันชุดก่อน,ใช้รูปแบบ title + body ซ้ำ title + gallery ได้หลังแยกภาพให้เป็นงาน/คู่เดียวกันและตัดภาพแชตหรือภาพส่วนตัวออก รายละเอียดตรวจ: 18 files named 10.12.2023 plus 9 named 21.11.2023 and subfolder โพสเฟส.
11.11.2023,https://drive.google.com/drive/folders/11DPRAWHAAUvJ7gTNhZ2iH0g23auPwI0r,unclear,13,0,thin_coverage,Date and imagery appear coherent for one wedding; limited coverage and missing venue/team-role facts.,,,ดูภาพจริง/คัดชุดสั้นก่อน,อาจทำโชว์เคสสั้นได้ถ้าภาพที่เลือกชัดและหลากหลายพอ; หากภาพน้อยหรือซ้ำควรหาเพิ่ม รายละเอียดตรวจ: Date and imagery appear coherent for one wedding; limited coverage and missing venue/team-role facts.
15.11.2024,https://drive.google.com/drive/folders/17Kqf_6bA-RioTHqlFMTSPUYUX04hn0ZP,unclear,10,0,dedupe_required,Most shots are similar group photos at one backdrop; too repetitive for a full case.,,,คัด/แยกภาพและยืนยันชุดก่อน,ใช้รูปแบบ title + body ซ้ำ title + gallery ได้หลังแยกภาพให้เป็นงาน/คู่เดียวกันและตัดภาพแชตหรือภาพส่วนตัวออก รายละเอียดตรวจ: Most shots are similar group photos at one backdrop; too repetitive for a full case.
15.12.2024,https://drive.google.com/drive/folders/1EBiOgN-ffIzmWozU0A513xvKEgNuaFuj,unclear,5,0,insufficient_assets,Five date-matching images; too little material for a full article.,,,ยังไม่พร้อมทำโชว์เคสจากชุดนี้,ชุดปัจจุบันเป็นภาพส่วนตัว/เอกสารอ้างอิง/ว่าง/มีภาพไม่พอ หรือยังไม่ใช่งานเดี่ยว; ต้องหาไฟล์งานที่เหมาะสมก่อน รายละเอียดตรวจ: Five date-matching images; too little material for a full article.
17.11.2024,https://drive.google.com/drive/folders/1kTUvXcWQWAVIBJc-L6qQig61uyomfcFg,unclear,32,0,verify_possible_mix,Two visibly distinct backdrop/name sets; may be segments or mixed events. Verify before use.,,,คัด/แยกภาพและยืนยันชุดก่อน,ใช้รูปแบบ title + body ซ้ำ title + gallery ได้หลังแยกภาพให้เป็นงาน/คู่เดียวกันและตัดภาพแชตหรือภาพส่วนตัวออก รายละเอียดตรวจ: Two visibly distinct backdrop/name sets; may be segments or mixed events. Verify before use.
18.11.2023,https://drive.google.com/drive/folders/1nUGsNST43_hHmoE2dPl7jPmF9K53N6cd,unclear,9,0,needs_event_context,"Date-matching set, but context/venue/team role is unclear.",,,ยืนยันชื่อเรื่องและความตรงของภาพก่อน,"รูปแบบสั้นไม่จำเป็นต้องมีวัน สถานที่ หรือบทบาททีม แต่ต้องรู้ว่าภาพเป็นงานใดและใช้ title อะไรได้อย่างถูกต้อง รายละเอียดตรวจ: Date-matching set, but context/venue/team role is unclear."
20.1.2025,https://drive.google.com/drive/folders/1-kAMUfqRwm9ZcBgE5apgxow9ctTrYjn9,unclear,25,0,confirmed_mixed,17 date-named files plus 8 named ลอยกระทงชุมแพ 2567; folder has no couple name.,,,คัด/แยกภาพและยืนยันชุดก่อน,ใช้รูปแบบ title + body ซ้ำ title + gallery ได้หลังแยกภาพให้เป็นงาน/คู่เดียวกันและตัดภาพแชตหรือภาพส่วนตัวออก รายละเอียดตรวจ: 17 date-named files plus 8 named ลอยกระทงชุมแพ 2567; folder has no couple name.
21.6.2026 คุณหนึ่ง&คุณโวล์ฟกัง,https://drive.google.com/drive/folders/18waHeMOx5L-SZShzGzmRoHkVUtFmJXUO,wedding,2,,insufficient_assets,2 files named for the couple; too few for a full portfolio case; venue and Elite Flow role missing.,,,ยังไม่พร้อมทำโชว์เคสจากชุดนี้,ชุดปัจจุบันเป็นภาพส่วนตัว/เอกสารอ้างอิง/ว่าง/มีภาพไม่พอ หรือยังไม่ใช่งานเดี่ยว; ต้องหาไฟล์งานที่เหมาะสมก่อน รายละเอียดตรวจ: 2 files named for the couple; too few for a full portfolio case; venue and Elite Flow role missing.
21.11.2023,https://drive.google.com/drive/folders/1VQRE4zgUARh9KTnPjTKW6X-e7hLn6TFy,unclear,27,0,verify_date_and_dedupe,27 ภาพชื่อไฟล์ลงท้าย 251001 แต่โฟลเดอร์ระบุ 21.11.2023; ภาพตัวอย่างเป็นคู่บ่าวสาว/บรรยากาศงานแต่งชุดเดียวกัน ต้องยืนยันวันที่และคัดภาพก่อน,hold_until_date_confirmed,,คัด/แยกภาพและยืนยันชุดก่อน,ใช้รูปแบบ title + body ซ้ำ title + gallery ได้หลังแยกภาพให้เป็นงาน/คู่เดียวกันและตัดภาพแชตหรือภาพส่วนตัวออก รายละเอียดตรวจ: hold_until_date_confirmed
22.12.2024,https://drive.google.com/drive/folders/1M21KG7PSGmPPSFKiWY1VBGjVNpCseErk,unclear,25,0,audited,"25 LINE_ALBUM_7122024 photos; thumbnails show a wedding couple, ceremony/stage, guests and officiant. Folder label says 22.12.2024, while a visible program says 7 Dec 2567 (7.12.2024), a date conflict. Several repetitive frames.","Wedding portfolio candidate, but resolve folder/program date mismatch, confirm couple/venue/Elite Flow role, and curate duplicates before drafting.",,ทำโชว์เคสแบบสั้นได้เมื่อได้ภาพและตรวจความตรง,"ใช้ title จากชื่อโฟลเดอร์และใส่ gallery ได้; ไม่ต้องเติมข้อมูลวัน/สถานที่/บริการที่ไม่มีหลักฐาน รายละเอียดตรวจ: Wedding portfolio candidate, but resolve folder/program date mismatch, confirm couple/venue/Elite Flow role, and curate duplicates before drafting."
23.1.2026 คุณใบเตย&คุณแค็ป,https://drive.google.com/drive/folders/1QkZ7xg4wVawq3Ay1WW3y5dLTtv37M8Vd,wedding,50,0,confirmed_mixed,"50 JPGs: 38 filenames for a beauty pageant, 11 for this couple and 1 for นางสาวไทยกรุงแก่น 2569. Clearly mixed; separate before use.",,,คัด/แยกภาพและยืนยันชุดก่อน,"ใช้รูปแบบ title + body ซ้ำ title + gallery ได้หลังแยกภาพให้เป็นงาน/คู่เดียวกันและตัดภาพแชตหรือภาพส่วนตัวออก รายละเอียดตรวจ: 50 JPGs: 38 filenames for a beauty pageant, 11 for this couple and 1 for นางสาวไทยกรุงแก่น 2569. Clearly mixed; separate before use."
23.3.68 คุณเฟริน&คุณบอม,https://drive.google.com/drive/folders/1noYtWMP45fbJEVr4h0n9uBcHDZaCJfSN,wedding,21,0,reviewed_needs_context,"21 JPG camera-numbered files in one sequence; thumbnail sample shows a home/ceremony visit with elders, gift presentation and care scene, not a conventional couple-focused wedding album.",Keep only if event context is confirmed and select photos relevant to the intended portfolio story; avoid inferring a wedding service from folder label alone.,,ยืนยันชื่อเรื่องและความตรงของภาพก่อน,รูปแบบสั้นไม่จำเป็นต้องมีวัน สถานที่ หรือบทบาททีม แต่ต้องรู้ว่าภาพเป็นงานใดและใช้ title อะไรได้อย่างถูกต้อง รายละเอียดตรวจ: Keep only if event context is confirmed and select photos relevant to the intended portfolio story; avoid inferring a wedding service from folder label alone.
23.5.2026 คุณแฟร์&คุณบาส,https://drive.google.com/drive/folders/1NfQOw8rQ19w1zzjr6c5vi25PTVLOzWiM,wedding,50,0,confirmed_mixed,"48 files named for K.Fern & K.Tudtoo (261001), only 2 files named K.Fair & K.Bas; folder label date 23.5.2026 conflicts with 261001 date token. Thumbnail sample shows wedding ceremony and couple among other album sequence.",Separate the 48 Fern/Tudtoo files; verify date and select the two Fair/Bas images before any portfolio article.,,คัด/แยกภาพและยืนยันชุดก่อน,ใช้รูปแบบ title + body ซ้ำ title + gallery ได้หลังแยกภาพให้เป็นงาน/คู่เดียวกันและตัดภาพแชตหรือภาพส่วนตัวออก รายละเอียดตรวจ: Separate the 48 Fern/Tudtoo files; verify date and select the two Fair/Bas images before any portfolio article.
23.11.2024,https://drive.google.com/drive/folders/1ABMVzCW7PxcrZ5O_nW5JWL7El7L6ts_A,unclear,9,0,audited,"9 visible image files; samples show wedding couple, ceremony backdrop, and guests. No obvious unrelated content or date conflict seen.","Wedding portfolio candidate; curate selects and confirm couple/event details, venue, date, and Elite Flow role before drafting.",,ทำโชว์เคสแบบสั้นได้เมื่อได้ภาพและตรวจความตรง,"ใช้ title จากชื่อโฟลเดอร์และใส่ gallery ได้; ไม่ต้องเติมข้อมูลวัน/สถานที่/บริการที่ไม่มีหลักฐาน รายละเอียดตรวจ: Wedding portfolio candidate; curate selects and confirm couple/event details, venue, date, and Elite Flow role before drafting."
24.1.2026 คุณนิ๊ก&คุณมาร์ค,https://drive.google.com/drive/folders/1zAoFZ94b1Mf4BBcpG8Z78NSDtd27VsPE,wedding,5,0,reviewed_needs_more_media,5 JPGs named for the couple with 261001 date token; sample thumbnails show an outdoor ceremony and couple portraits. Folder date 24.1.2026 conflicts with filename date token; only 5 images.,Potential coherent wedding case but verify actual event date and add more coverage before publishing as a full portfolio story.,,ดูภาพจริง/คัดชุดสั้นก่อน,อาจทำโชว์เคสสั้นได้ถ้าภาพที่เลือกชัดและหลากหลายพอ; หากภาพน้อยหรือซ้ำควรหาเพิ่ม รายละเอียดตรวจ: Potential coherent wedding case but verify actual event date and add more coverage before publishing as a full portfolio story.
24.1.2026 คุณออย&คุณยม,https://drive.google.com/drive/folders/1cpmDtjIpWi7gAmNgoZQd8ekT2OojedA5,wedding,14,0,confirmed_mixed,"5 photos named Oi/Yam and 9 named Baitoei/Kap; thumbnails show distinct wedding groups/scenes. Both sets use 261001 filename date token, conflicting with folder label 24.1.2026.",Separate into two couple albums and verify event dates before using either in portfolio.,,คัด/แยกภาพและยืนยันชุดก่อน,ใช้รูปแบบ title + body ซ้ำ title + gallery ได้หลังแยกภาพให้เป็นงาน/คู่เดียวกันและตัดภาพแชตหรือภาพส่วนตัวออก รายละเอียดตรวจ: Separate into two couple albums and verify event dates before using either in portfolio.
25.11.2024,https://drive.google.com/drive/folders/1fMvsDk9niVqZZdq_X0lHFWHzlX9tbSUd,unclear,,,blocked_loading_ui,เปิดผ่าน Drive UI แล้วเห็น Loading ต่อเนื่อง ไม่ปรากฏรายการไฟล์หรือภาพตัวอย่าง; ยังประเมินจำนวนและความพร้อมไม่ได้.,ลองตรวจใหม่เมื่อ Drive แสดงรายการไฟล์ตามปกติ,,รอตรวจ — Drive ยังโหลดรายการไม่ได้,ยังยืนยันชื่อเรื่องและภาพไม่ได้; ตรวจใหม่เมื่อหน้า Drive แสดงไฟล์ รายละเอียดตรวจ: ลองตรวจใหม่เมื่อ Drive แสดงรายการไฟล์ตามปกติ
26.4.2026 คุณเฟริส&คุณโฟล์ค 2,https://drive.google.com/drive/folders/1t7mDCbu8gH5j037h3kXpHHhy3V8YCXTz,wedding,50,0,confirmed_mixed,"37 filenames refer to คุณเฟริส/คุณโฟล์ค; 13 refer to คุณอุ๋ม/คุณปิง. All use 261001 date token, conflicting with folder date 26.4.2026; duplicated First/Folk event likely, plus Aum/Ping photos.","Split into couple-specific folders, check overlap against existing First/Folk page, and verify actual dates before reuse.",published:/admin/content/projects/first-folk-wedding,มีผลงานเผยแพร่แล้ว — ไม่สร้างซ้ำ,"จับคู่กับหน้าผลงานเดิมใน localhost; ถ้าจะเพิ่มภาพให้ตรวจว่าเป็นชุดเดียวกับหน้าเดิมก่อน รายละเอียดตรวจ: Split into couple-specific folders, check overlap against existing First/Folk page, and verify actual dates before reuse."
26.11.2024,https://drive.google.com/drive/folders/1yFOZPzwVXXbr9e_8sWOwwKIHsi0LvQn2,unclear,20,0,coherent_but_curate_needs_date,พบ 20 ภาพชื่อ LINE_ALBUM_26.11.2024_251001_1..20; token 251001 ขัดกับวันที่โฟลเดอร์. ภาพตัวอย่างที่โหลดได้เป็นพิธี/ฉาก/ภาพกลุ่มงานแต่งชุดเดียวกัน แต่หลาย thumbnail ไม่แสดงและภาพแรก preview ไม่ได้.,ยืนยันวันจัดงานจากต้นทางและตรวจ/คัดภาพที่ preview ได้ก่อนใช้,,ทำโชว์เคสแบบสั้นได้เมื่อได้ภาพและตรวจความตรง,ใช้ title จากชื่อโฟลเดอร์และใส่ gallery ได้; ไม่ต้องเติมข้อมูลวัน/สถานที่/บริการที่ไม่มีหลักฐาน รายละเอียดตรวจ: ยืนยันวันจัดงานจากต้นทางและตรวจ/คัดภาพที่ preview ได้ก่อนใช้
27.6.2026 คุณหยก&คุณทิว,https://drive.google.com/drive/folders/1TKQ5BZH2mBABXo2G5xizpomaby_2B9aH,wedding,50,0,confirmed_mixed,"44 files named for คุณหนึ่ง/คุณโวล์ฟกัง and 6 for คุณหยก/คุณทิว; filenames use 261001 date token, unlike folder label 27.6.2026. Existing page yok-thiw already exists but this folder also mixes another couple.",Split the two couple albums and reconcile actual date and overlap with existing pages before reuse.,published:/admin/content/projects/yok-thiw-chinese-wedding,มีผลงานเผยแพร่แล้ว — ไม่สร้างซ้ำ,จับคู่กับหน้าผลงานเดิมใน localhost; ถ้าจะเพิ่มภาพให้ตรวจว่าเป็นชุดเดียวกับหน้าเดิมก่อน รายละเอียดตรวจ: Split the two couple albums and reconcile actual date and overlap with existing pages before reuse.
31.1.2026 คุณแจ&คุณเบนซ์,https://drive.google.com/drive/folders/1ltSStBjMLUWDv8R0vYeHvQSttHpgkzK8,wedding,50,0,confirmed_mixed,"18 files named for Ja/Benz and 32 named for Niq/Mark; all use 261001 date token, conflicting with 31.1.2026 folder label. The Niq/Mark set also appears in the separate 24.1.2026 Niq/Mark folder.",Separate albums and deduplicate the Niq/Mark set; verify actual dates before publication.,,คัด/แยกภาพและยืนยันชุดก่อน,ใช้รูปแบบ title + body ซ้ำ title + gallery ได้หลังแยกภาพให้เป็นงาน/คู่เดียวกันและตัดภาพแชตหรือภาพส่วนตัวออก รายละเอียดตรวจ: Separate albums and deduplicate the Niq/Mark set; verify actual dates before publication.
2025-09-02 ธี่หยด3 Khonkaen,https://drive.google.com/drive/folders/1mVMdTM9FmJpK1Hj4HjYLcizUMNbfX2_1,entertainment,81+,0,candidate,Approximately 56+ event-named and 25 TY-named files; samples show screening attendees/promotional boards. Team role/context needed.,,,ทำโชว์เคสแบบสั้นได้เมื่อได้ภาพและตรวจความตรง,ใช้ title จากชื่อโฟลเดอร์และใส่ gallery ได้; ไม่ต้องเติมข้อมูลวัน/สถานที่/บริการที่ไม่มีหลักฐาน รายละเอียดตรวจ: Approximately 56+ event-named and 25 TY-named files; samples show screening attendees/promotional boards. Team role/context needed.
Back Stage นางสาวไไทยกรุงแก่น 2026,https://drive.google.com/drive/folders/11CKZqeXzbgi5BnFfpMvqssqas8YLs3Ps,event,4,0,insufficient_assets,"4 images, all nearly identical staff selfies with stage behind. Better as one backstage supporting image than a standalone case.",,,ยังไม่พร้อมทำโชว์เคสจากชุดนี้,"ชุดปัจจุบันเป็นภาพส่วนตัว/เอกสารอ้างอิง/ว่าง/มีภาพไม่พอ หรือยังไม่ใช่งานเดี่ยว; ต้องหาไฟล์งานที่เหมาะสมก่อน รายละเอียดตรวจ: 4 images, all nearly identical staff selfies with stage behind. Better as one backstage supporting image than a standalone case."
beyond food expo 9.8.2025,https://drive.google.com/drive/folders/19xVWntnFTykGUy2NRVC6d8VeAh7wvHZO,expo,26,0,confirmed_mixed,16 Beyond Food Expo images plus 10 images named for a Royal/commemoration event. Separate.,,,คัด/แยกภาพและยืนยันชุดก่อน,ใช้รูปแบบ title + body ซ้ำ title + gallery ได้หลังแยกภาพให้เป็นงาน/คู่เดียวกันและตัดภาพแชตหรือภาพส่วนตัวออก รายละเอียดตรวจ: 16 Beyond Food Expo images plus 10 images named for a Royal/commemoration event. Separate.
Beyond Food Expo 2025,https://drive.google.com/drive/folders/1U0h9wKKtOxtpxtjq_pJs2DbJa0WWaVZk,expo,,3,needs_curation,"Three subfolders: Bussiness Matching, Exhibition&Staff, Staff. Exhibition sample has setup/empty booths; Staff has 41 repetitive staff images; Business Matching contains dated subfolders and MOU docs. Curate finished/action images and split client materials.",,,ทำโชว์เคสแบบสั้นได้เมื่อได้ภาพและตรวจความตรง,"ใช้ title จากชื่อโฟลเดอร์และใส่ gallery ได้; ไม่ต้องเติมข้อมูลวัน/สถานที่/บริการที่ไม่มีหลักฐาน รายละเอียดตรวจ: Three subfolders: Bussiness Matching, Exhibition&Staff, Staff. Exhibition sample has setup/empty booths; Staff has 41 repetitive staff images; Business Matching contains dated subfolders and MOU docs. Curate finished/action images and split client materials."
ECON 2024,https://drive.google.com/drive/folders/1yEBVMauW2xFOsqsVCms1sqyHhWPhtVPi,corporate,41,0,verify_related_sets,"41 items: 40 LINE_ALBUM_ECon_27 กัลปพฤกษ์ช่อ 57 2024 files plus one 275087.jpg showing an ECON emcee. Another ECon#27 folder has a separate 40-image set. Likely related, but verify phase/duplicates and which images belong in one case.",,,ยืนยันชื่อเรื่องและความตรงของภาพก่อน,"รูปแบบสั้นไม่จำเป็นต้องมีวัน สถานที่ หรือบทบาททีม แต่ต้องรู้ว่าภาพเป็นงานใดและใช้ title อะไรได้อย่างถูกต้อง รายละเอียดตรวจ: 41 items: 40 LINE_ALBUM_ECon_27 กัลปพฤกษ์ช่อ 57 2024 files plus one 275087.jpg showing an ECON emcee. Another ECon#27 folder has a separate 40-image set. Likely related, but verify phase/duplicates and which images belong in one case."
ECon#27 กัลปพฤกษ์ช่อ 57 2024,https://drive.google.com/drive/folders/14V0YaX-7p47R7yNQk49EOcB9LBqB-EJy,corporate,40,,needs_context,"40 ECon#27 files; samples show prep/venue/staff behind-the-scenes; compare with ECON 2024 set for overlap/phase. Date, venue and Elite Flow role still needed.",,,ยืนยันชื่อเรื่องและความตรงของภาพก่อน,"รูปแบบสั้นไม่จำเป็นต้องมีวัน สถานที่ หรือบทบาททีม แต่ต้องรู้ว่าภาพเป็นงานใดและใช้ title อะไรได้อย่างถูกต้อง รายละเอียดตรวจ: 40 ECon#27 files; samples show prep/venue/staff behind-the-scenes; compare with ECON 2024 set for overlap/phase. Date, venue and Elite Flow role still needed."
Grand Opening Royal Enfield,https://drive.google.com/drive/folders/11wQfrC0FxSsMhkKYlam6SBzwupOW-Jnp,corporate,20,0,candidate,"20 RE KHONKAEN-named images; samples include audience, stage, signage and performance. Need date/venue/Elite Flow role.",,draft:royal-enfield-khon-kaen-grand-opening (no hero image; Drive download blocked),มีฉบับร่างแล้ว — รอภาพหลัก/แกลเลอรี,"หัวข้อและเนื้อหาแบบสั้นมีแล้ว; เมื่อได้รับไฟล์ภาพที่ตรงงานให้อัปโหลดเข้าคลังสื่อแล้วใส่ gallery รายละเอียดตรวจ: 20 RE KHONKAEN-named images; samples include audience, stage, signage and performance. Need date/venue/Elite Flow role."
grand opening ขอนแก่นดีไซน์ 12.8.2025,https://drive.google.com/drive/folders/12ZGsiW9TJbGW29Tcavg-F8vEvyULRIwt,corporate,39+,0,confirmed_mixed,"29+ Beyond Food Expo filenames, 4 Grand Opening filenames and 6 camera-named files. Separate Expo set before article.",,,คัด/แยกภาพและยืนยันชุดก่อน,"ใช้รูปแบบ title + body ซ้ำ title + gallery ได้หลังแยกภาพให้เป็นงาน/คู่เดียวกันและตัดภาพแชตหรือภาพส่วนตัวออก รายละเอียดตรวจ: 29+ Beyond Food Expo filenames, 4 Grand Opening filenames and 6 camera-named files. Separate Expo set before article."
K.นิด&k.บอส 23.1.2025,https://drive.google.com/drive/folders/1kZW0DNmHE75s3V7Zyjch3zssLTX1RrNy,wedding,31,0,coherent_but_curate,"31 JPGs named LINE_ALBUM_K.นิด_k.บอส_251001_1..31.jpg; couple names align, while 251001 conflicts with folder date 23.1.2025 if read as date. Thumbnail sample shows one coherent outdoor traditional wedding ceremony with family, bride/groom and ritual scenes; some repeated near-identical frames. Venue and Elite Flow role not stated.","Potential article candidate after confirming event date, choosing varied high-quality images and adding venue and service details.",,ทำโชว์เคสแบบสั้นได้เมื่อได้ภาพและตรวจความตรง,"ใช้ title จากชื่อโฟลเดอร์และใส่ gallery ได้; ไม่ต้องเติมข้อมูลวัน/สถานที่/บริการที่ไม่มีหลักฐาน รายละเอียดตรวจ: Potential article candidate after confirming event date, choosing varied high-quality images and adding venue and service details."
K.บิว&k.ลัค 17.1.2025,https://drive.google.com/drive/folders/18zilbkSwgPoDpSxE906ECXZ04rY9ZWGB,wedding,,,coherent_names_only,34 filenames match the couple/date; thumbnail visual review unavailable in audit; venue and Elite Flow role missing.,,,ทำโชว์เคสแบบสั้นได้เมื่อได้ภาพและตรวจความตรง,ใช้ title จากชื่อโฟลเดอร์และใส่ gallery ได้; ไม่ต้องเติมข้อมูลวัน/สถานที่/บริการที่ไม่มีหลักฐาน รายละเอียดตรวจ: 34 filenames match the couple/date; thumbnail visual review unavailable in audit; venue and Elite Flow role missing.
K.พลอย&k.ฟลุ๊ค 4.1.2025,https://drive.google.com/drive/folders/1fQVldlpENjJdFcN6wqTgrvjbaznbeqyc,wedding,,,candidate_needs_facts,20 consistent filenames; thumbnails appear to cover ceremony/reception with some similar angles. Need venue and Elite Flow role.,,,ทำโชว์เคสแบบสั้นได้เมื่อได้ภาพและตรวจความตรง,ใช้ title จากชื่อโฟลเดอร์และใส่ gallery ได้; ไม่ต้องเติมข้อมูลวัน/สถานที่/บริการที่ไม่มีหลักฐาน รายละเอียดตรวจ: 20 consistent filenames; thumbnails appear to cover ceremony/reception with some similar angles. Need venue and Elite Flow role.
K.พลอยk.หนึ่ง 28.12.2024,https://drive.google.com/drive/folders/1Y0yNHAUx1mXq3K5heSjCsiM0l8nBwSwP,wedding,20,0,coherent_names_only,"20 wedding images, several similar group/ceremony frames. Curate; venue/service facts missing.",,,ทำโชว์เคสแบบสั้นได้เมื่อได้ภาพและตรวจความตรง,"ใช้ title จากชื่อโฟลเดอร์และใส่ gallery ได้; ไม่ต้องเติมข้อมูลวัน/สถานที่/บริการที่ไม่มีหลักฐาน รายละเอียดตรวจ: 20 wedding images, several similar group/ceremony frames. Curate; venue/service facts missing."
k.มาย&k.เก่ง 1.10.2024,https://drive.google.com/drive/folders/17OFjKOqg6OHuZcutTJ_dbRRWsXEua5Fi,wedding,16,0,verify_date_and_dedupe,16 wedding/couple/guest images with repeats. Folder date conflicts with filename prefix 251001; verify date and Elite Flow role.,,,คัด/แยกภาพและยืนยันชุดก่อน,ใช้รูปแบบ title + body ซ้ำ title + gallery ได้หลังแยกภาพให้เป็นงาน/คู่เดียวกันและตัดภาพแชตหรือภาพส่วนตัวออก รายละเอียดตรวจ: 16 wedding/couple/guest images with repeats. Folder date conflicts with filename prefix 251001; verify date and Elite Flow role.
k.หนูเล็ก&คุณตั้น อ.พล,https://drive.google.com/drive/folders/1EeGj53ZSWDpunzxZaRtSjwuxXq19xwSp,wedding,38,0,coherent_but_curate_needs_date,"38 JPGs visible, named LINE_ALBUM_k.หนูเล็ก_คุณตั้น อ.พล_251001_N.jpg; visible sequence starts at 4 and skips 9–10, so these indices are not present in this folder. Thumbnail sample shows one coherent wedding/reception, couple and group portraits, stage/emcee moments; multiple near-duplicates and a few informal selfie frames. No date in folder name; token 251001 needs confirmation.","Potential curated case after confirming event date, reviewing which photos are suitable for public use, and adding venue/Elite Flow scope.",,ทำโชว์เคสแบบสั้นได้เมื่อได้ภาพและตรวจความตรง,"ใช้ title จากชื่อโฟลเดอร์และใส่ gallery ได้; ไม่ต้องเติมข้อมูลวัน/สถานที่/บริการที่ไม่มีหลักฐาน รายละเอียดตรวจ: Potential curated case after confirming event date, reviewing which photos are suitable for public use, and adding venue/Elite Flow scope."
K.อ่องk.อ้น 7.3.2025,https://drive.google.com/drive/folders/1z2ytF7B5jcRQbyEE2xoJ1R3750N0BK1k,wedding,50,0,reviewed_needs_context,"50 sequential LINE_ALBUM photos all named for this couple; thumbnails show wedding ceremony, cake/ritual scenes, and group/reception moments. Folder date 7.3.2025 / filenames 7.3.68 conflict with 251001 filename date token.",Coherent wedding candidate; verify event date (and choose representative photos) before writing a dated case story.,,ยืนยันชื่อเรื่องและความตรงของภาพก่อน,รูปแบบสั้นไม่จำเป็นต้องมีวัน สถานที่ หรือบทบาททีม แต่ต้องรู้ว่าภาพเป็นงานใดและใช้ title อะไรได้อย่างถูกต้อง รายละเอียดตรวจ: Coherent wedding candidate; verify event date (and choose representative photos) before writing a dated case story.
Kเนย&kอุ้ย 22.07.2025,https://drive.google.com/drive/folders/1N17RKfgIYsZmD8qp_OnQ9qmphZS44gWq,wedding,50,0,reviewed_needs_context,"50 sequential images all named for this couple; thumbnail sample shows wedding rituals, ceremony backdrop and reception, with repeated poses. Folder/file names show 22.07.68 (2025-07-22), while all filename date suffixes are 251001.",Coherent wedding candidate but date token conflicts; verify actual event date before dated article.,,ยืนยันชื่อเรื่องและความตรงของภาพก่อน,รูปแบบสั้นไม่จำเป็นต้องมีวัน สถานที่ หรือบทบาททีม แต่ต้องรู้ว่าภาพเป็นงานใดและใช้ title อะไรได้อย่างถูกต้อง รายละเอียดตรวจ: Coherent wedding candidate but date token conflicts; verify actual event date before dated article.
MICE Safety 12.8.2025,https://drive.google.com/drive/folders/15O1ycCAKhWGGI3erbxFaanMe3DNFgQf1,corporate,44,0,candidate_needs_facts,"22 LINE_ALBUM + 22 Safety- images; sample shows panel/speaker. Coherent names, but select images and confirm title, venue and Elite Flow role.",,draft:mice-safety-2025 (no hero image; Drive download blocked),มีฉบับร่างแล้ว — รอภาพหลัก/แกลเลอรี,"หัวข้อและเนื้อหาแบบสั้นมีแล้ว; เมื่อได้รับไฟล์ภาพที่ตรงงานให้อัปโหลดเข้าคลังสื่อแล้วใส่ gallery รายละเอียดตรวจ: 22 LINE_ALBUM + 22 Safety- images; sample shows panel/speaker. Coherent names, but select images and confirm title, venue and Elite Flow role."
School Tour ขอนแแก่น ธี่หยดสมิงเขาขวาง,https://drive.google.com/drive/folders/1eycx6rEzaRARUOTn11RbCiNtURZceXt4,event,23,0,candidate_needs_facts,"23 same-event-labeled images; samples show film talent, audience and school presentation. Need venue, exact school/event name, Elite Flow role.",,draft:school-tour-khon-kaen-thiyod (no hero image; Drive download blocked),มีฉบับร่างแล้ว — รอภาพหลัก/แกลเลอรี,"หัวข้อและเนื้อหาแบบสั้นมีแล้ว; เมื่อได้รับไฟล์ภาพที่ตรงงานให้อัปโหลดเข้าคลังสื่อแล้วใส่ gallery รายละเอียดตรวจ: 23 same-event-labeled images; samples show film talent, audience and school presentation. Need venue, exact school/event name, Elite Flow role."
ขอนแก่น มาราธอน 2567,https://drive.google.com/drive/folders/1HzBNjQL6SBdEuplQOlx-IK9hrhcqzbJf,community,41,0,candidate_needs_curation,"41 files across several filename families; samples show arch/stage/staff plus repeated selfies, ambiguous/duplicate and irrelevant images. Banner suggests Jan 14, 2024 but filenames indicate 240115; verify date.",,,ทำโชว์เคสแบบสั้นได้เมื่อได้ภาพและตรวจความตรง,"ใช้ title จากชื่อโฟลเดอร์และใส่ gallery ได้; ไม่ต้องเติมข้อมูลวัน/สถานที่/บริการที่ไม่มีหลักฐาน รายละเอียดตรวจ: 41 files across several filename families; samples show arch/stage/staff plus repeated selfies, ambiguous/duplicate and irrelevant images. Banner suggests Jan 14, 2024 but filenames indicate 240115; verify date."
ขอนแก่นมาราธอน 2025,https://drive.google.com/drive/folders/1lKsPLaCJFJDvp_TWWd-4beyL6r-ZAkWi,community,47,0,candidate_needs_curation,"47 event-labeled images; sampled shots focus on staff/group selfies at finish arch, not enough action/event coverage established. Arch suggests Jan 12, 2025; team role missing.",,published:/admin/content/projects/khon-kaen-marathon-2026,มีผลงานเผยแพร่แล้ว — ไม่สร้างซ้ำ,"จับคู่กับหน้าผลงานเดิมใน localhost; ถ้าจะเพิ่มภาพให้ตรวจว่าเป็นชุดเดียวกับหน้าเดิมก่อน รายละเอียดตรวจ: 47 event-labeled images; sampled shots focus on staff/group selfies at finish arch, not enough action/event coverage established. Arch suggests Jan 12, 2025; team role missing."
ขอนแก่นมาราธอน 2026,https://drive.google.com/drive/folders/1qj5UA-cKeC8p1mwTyu3hif6lK7BPq4rk,community,39,0,needs_visual_review,"AX filenames split among FunRun/Elite, event files and two files named เม่น–ต่อ. Thumbnail visual review failed; do not infer coherence yet.",,published:/admin/content/projects/khon-kaen-marathon-2026,มีผลงานเผยแพร่แล้ว — ไม่สร้างซ้ำ,"จับคู่กับหน้าผลงานเดิมใน localhost; ถ้าจะเพิ่มภาพให้ตรวจว่าเป็นชุดเดียวกับหน้าเดิมก่อน รายละเอียดตรวจ: AX filenames split among FunRun/Elite, event files and two files named เม่น–ต่อ. Thumbnail visual review failed; do not infer coherence yet."
คริสมาส 2566 อุทยานเกษตร มข.,https://drive.google.com/drive/folders/1vEqDNo1Mxkb26QSmni3FEXVPPNJB6nn8,event,50,0,candidate_needs_curation,"50 files named for 23-12-2023; samples show one Christmas event with tree/Santa/photo area, repeated setups/groups. Curate; confirm programme/date and Elite Flow role.",,,ทำโชว์เคสแบบสั้นได้เมื่อได้ภาพและตรวจความตรง,"ใช้ title จากชื่อโฟลเดอร์และใส่ gallery ได้; ไม่ต้องเติมข้อมูลวัน/สถานที่/บริการที่ไม่มีหลักฐาน รายละเอียดตรวจ: 50 files named for 23-12-2023; samples show one Christmas event with tree/Santa/photo area, repeated setups/groups. Curate; confirm programme/date and Elite Flow role."
คุณกิ๊ฟ&คุณสมาร์ท 1.2.2025,https://drive.google.com/drive/folders/1dknf-NJy96oUHlyfpB2skiBTrJosrbZf,wedding,35,0,coherent_names_only,35 matching JPGs; outdoor wedding imagery with repeated poses. Curate duplicates; venue and Elite Flow role missing.,,,ทำโชว์เคสแบบสั้นได้เมื่อได้ภาพและตรวจความตรง,ใช้ title จากชื่อโฟลเดอร์และใส่ gallery ได้; ไม่ต้องเติมข้อมูลวัน/สถานที่/บริการที่ไม่มีหลักฐาน รายละเอียดตรวจ: 35 matching JPGs; outdoor wedding imagery with repeated poses. Curate duplicates; venue and Elite Flow role missing.
คุณแก๊ป&คุณแซค 20.1.2025,https://drive.google.com/drive/folders/11WYnWsV306YxjiHV0Eo2hyrNnR4uUSuW,wedding,50,0,coherent_names_only,50 JPG filenames match couple; sample visual/quality and venue/service facts still need review.,,,ทำโชว์เคสแบบสั้นได้เมื่อได้ภาพและตรวจความตรง,ใช้ title จากชื่อโฟลเดอร์และใส่ gallery ได้; ไม่ต้องเติมข้อมูลวัน/สถานที่/บริการที่ไม่มีหลักฐาน รายละเอียดตรวจ: 50 JPG filenames match couple; sample visual/quality and venue/service facts still need review.
คุณแตงไทย&คุณเบนซ์ 17.3.2025,https://drive.google.com/drive/folders/1fIBoWQzSn9MnDUD2NqDZGCt9XM7K7gqd,wedding,50,0,reviewed_needs_context,"50 sequential album images consistently named for this couple. Thumbnail sample shows a wedding reception/ceremony, couple/family portraits and event activity. Folder date 17.3.2025 conflicts with all filename suffixes 251001.",Potential wedding case; confirm actual event date and select distinct representative photos before publishing a dated story.,,ยืนยันชื่อเรื่องและความตรงของภาพก่อน,รูปแบบสั้นไม่จำเป็นต้องมีวัน สถานที่ หรือบทบาททีม แต่ต้องรู้ว่าภาพเป็นงานใดและใช้ title อะไรได้อย่างถูกต้อง รายละเอียดตรวจ: Potential wedding case; confirm actual event date and select distinct representative photos before publishing a dated story.
คุณเท็น&คุณมิ้ว 4.1.2025,https://drive.google.com/drive/folders/1MPZsUjQkYTSFKEPkuPbq0ce9RPQn7IE6,wedding,20,0,coherent_names_only,"20 JPG filenames match both names in folder. Filename batch prefix 251001 conflicts with folder date 4.1.2025; confirm date before publishing. Visual quality/duplicates, venue and service not verified.",Possible candidate after date verification and visual curation; add venue and Elite Flow service details.,,ทำโชว์เคสแบบสั้นได้เมื่อได้ภาพและตรวจความตรง,ใช้ title จากชื่อโฟลเดอร์และใส่ gallery ได้; ไม่ต้องเติมข้อมูลวัน/สถานที่/บริการที่ไม่มีหลักฐาน รายละเอียดตรวจ: Possible candidate after date verification and visual curation; add venue and Elite Flow service details.
คุณธิ 16.1.2025,https://drive.google.com/drive/folders/1fs07u9skmknVDbxND-MlCG-cz5Lmb-y7,wedding,28,0,coherent_names_only,"28 JPG filenames use LINE_ALBUM_คุณธิ_251001_1..28; names match folder but filename date prefix 251001 conflicts with folder date 16.1.2025. Visual QA, duplicates, venue/service not verified.",Possible candidate after confirming date and curating images; venue and Elite Flow service details missing.,,ทำโชว์เคสแบบสั้นได้เมื่อได้ภาพและตรวจความตรง,ใช้ title จากชื่อโฟลเดอร์และใส่ gallery ได้; ไม่ต้องเติมข้อมูลวัน/สถานที่/บริการที่ไม่มีหลักฐาน รายละเอียดตรวจ: Possible candidate after confirming date and curating images; venue and Elite Flow service details missing.
คุณบิว&คุณลัค 20.1.2025,https://drive.google.com/drive/folders/1MwENLh5HxEE2zMBEIqzDLofyolFn1Dp2,wedding,27,0,coherent_but_curate,"27 JPGs named for couple; thumbnails show consistent wedding ceremony at covered venue, repeated near-identical ceremony/seating shots, one thumbnail failed to load. Filename prefix 251001 conflicts with folder date 20.1.2025. Venue name and Elite Flow scope absent.","Potential case after confirming event date, selecting varied sharp images, and adding venue/service context.",,ทำโชว์เคสแบบสั้นได้เมื่อได้ภาพและตรวจความตรง,"ใช้ title จากชื่อโฟลเดอร์และใส่ gallery ได้; ไม่ต้องเติมข้อมูลวัน/สถานที่/บริการที่ไม่มีหลักฐาน รายละเอียดตรวจ: Potential case after confirming event date, selecting varied sharp images, and adding venue/service context."
คุณบีม&คุณนิว,https://drive.google.com/drive/folders/12IhUC1brzgwwE9O9f1dA5vxhQJgenifu,wedding,50,0,reviewed_needs_selection,50 files named for the same couple with date token 260426. Thumbnail sample shows a wedding ceremony and couple/group portraits; many frames repeat similar posed backdrop shots.,"Coherent wedding portfolio candidate; curate a smaller set of distinct frames. Filename supports 26 Apr 2026, folder itself has no date.",,ทำโชว์เคสแบบสั้นได้เมื่อได้ภาพและตรวจความตรง,"ใช้ title จากชื่อโฟลเดอร์และใส่ gallery ได้; ไม่ต้องเติมข้อมูลวัน/สถานที่/บริการที่ไม่มีหลักฐาน รายละเอียดตรวจ: Coherent wedding portfolio candidate; curate a smaller set of distinct frames. Filename supports 26 Apr 2026, folder itself has no date."
คุณปลาย&คุณบ๊อบบี้,https://drive.google.com/drive/folders/1UdQO8cTcmcRVnH_6CLWbQcbbNNWwRjz1,wedding,5,0,reviewed_thin_coverage,"5 files: four similarly framed group portraits at a wedding backdrop (1.jpg–4.jpg), plus one .png LINE congratulatory cartoon/sticker. Filenames match the couple; suffix 251107 suggests a date but is unverified. Nearly no varied event coverage; exclude the sticker from portfolio use.","Do not draft as a full case yet. Confirm event date, couple/venue and Elite Flow role; locate varied ceremony/reception images and select one strong group portrait.",,ดูภาพจริง/คัดชุดสั้นก่อน,"อาจทำโชว์เคสสั้นได้ถ้าภาพที่เลือกชัดและหลากหลายพอ; หากภาพน้อยหรือซ้ำควรหาเพิ่ม รายละเอียดตรวจ: Do not draft as a full case yet. Confirm event date, couple/venue and Elite Flow role; locate varied ceremony/reception images and select one strong group portrait."
คุณปอแก้ว&คุณปอเปีย,https://drive.google.com/drive/folders/1PS7J_KMonVuHv7nF97iEfYY_Go4ooJm-,wedding,11,0,reviewed_needs_selection,"11 sequential JPGs named for this couple. Sample thumbnails show wedding ceremony/reception, stage, speech and group portraits. One thumbnail is a LINE screenshot with apparent package/expense figures (18 พ.ย. 68); exclude it because it may expose private pricing/chat content. Several adjacent group/scene frames repeat. Filename suffix 251001 is unverified as event date.","Potential concise wedding case after excluding the LINE screenshot, selecting varied usable photographs, and confirming event date, venue and Elite Flow scope.",,ทำโชว์เคสแบบสั้นได้เมื่อได้ภาพและตรวจความตรง,"ใช้ title จากชื่อโฟลเดอร์และใส่ gallery ได้; ไม่ต้องเติมข้อมูลวัน/สถานที่/บริการที่ไม่มีหลักฐาน รายละเอียดตรวจ: Potential concise wedding case after excluding the LINE screenshot, selecting varied usable photographs, and confirming event date, venue and Elite Flow scope."
คุณแป้ม&คุณกล้า 16.2.2025 ออร่าริช,https://drive.google.com/drive/folders/1vnmO3lwt8LAlLOYqUyWMTX_8wDEMsRCf,wedding,13,0,reviewed_needs_selection,"13 sequential JPGs; filenames match the named couple and date 16.2.68 (16 Feb 2025). Thumbnails show a wedding reception/backdrop, ceremony/speech and group portraits; no unrelated event set apparent. Several opening images are nearly identical informal selfies, with repeated family/group frames.","Potential wedding case; curate a shorter set that shows varied event moments, check full-size image quality/privacy, and confirm venue and Elite Flow responsibilities before drafting.",,ทำโชว์เคสแบบสั้นได้เมื่อได้ภาพและตรวจความตรง,"ใช้ title จากชื่อโฟลเดอร์และใส่ gallery ได้; ไม่ต้องเติมข้อมูลวัน/สถานที่/บริการที่ไม่มีหลักฐาน รายละเอียดตรวจ: Potential wedding case; curate a shorter set that shows varied event moments, check full-size image quality/privacy, and confirm venue and Elite Flow responsibilities before drafting."
คุณผึ้งคุณธูป,https://drive.google.com/drive/folders/1Y7ETwekY6k1AqK6PznYfyou6xjqy6i31,wedding,5,0,reviewed_needs_context,5 image files with generic UUID-style filenames and one numbered PNG. Three thumbnails load and show a male presenter speaking outdoors by a garden/event backdrop (initials TP); no identifiable couple or clear wedding scene is visible. Two previews fail to render. Folder name alone is insufficient to establish wedding identity.,"Do not draft under this wedding folder yet. Identify the event and the presenter/couple, inspect the two unavailable previews through normal Drive UI later, and confirm date, venue and Elite Flow role.",,ยืนยันชื่อเรื่องและความตรงของภาพก่อน,"รูปแบบสั้นไม่จำเป็นต้องมีวัน สถานที่ หรือบทบาททีม แต่ต้องรู้ว่าภาพเป็นงานใดและใช้ title อะไรได้อย่างถูกต้อง รายละเอียดตรวจ: Do not draft under this wedding folder yet. Identify the event and the presenter/couple, inspect the two unavailable previews through normal Drive UI later, and confirm date, venue and Elite Flow role."
คุณพลอย&คุณนนท์ ราชาวดี 5.1.2025,https://drive.google.com/drive/folders/1fT-KRY_c27tbCzYcEgfotPX9ovuGADV-,wedding,7,0,coherent_but_curate,"7 JPGs; filenames match couple and date 5.1.68 (B.E. 2568 = 2025). Sample thumbnails show wedding/reception portraits around groom/MC with mic and backdrop, but highly repetitive and narrow coverage; no obvious unrelated set. Filename token 251001 appears to be common export marker, not verified event date. Venue and Elite Flow role/service details missing.",Short curated case only if supplemented with fuller varied coverage and confirmed event facts.,,ทำโชว์เคสแบบสั้นได้เมื่อได้ภาพและตรวจความตรง,ใช้ title จากชื่อโฟลเดอร์และใส่ gallery ได้; ไม่ต้องเติมข้อมูลวัน/สถานที่/บริการที่ไม่มีหลักฐาน รายละเอียดตรวจ: Short curated case only if supplemented with fuller varied coverage and confirmed event facts.
คุณเฟริน&คุณเบนซ์,https://drive.google.com/drive/folders/1EEGZ8904MHCs6fKg-phg0pc_9jhxBQl7,wedding,4,0,exclude_private_item_needs_more_media,"4 JPGs named LINE_ALBUM_คุณเฟริน_คุณเบนซ์_251001_1..4.jpg. Thumbnail sample includes one LINE chat screenshot with message text (exclude from public portfolio), two near-identical couple selfies, and one wide event shot. No date in folder name; token 251001 is unverified. Too little varied visual coverage for a standalone article.","Do not publish yet; exclude the chat image, verify event date, and find more suitable event coverage plus venue/service facts.",,ยังไม่พร้อมทำโชว์เคสจากชุดนี้,"ชุดปัจจุบันเป็นภาพส่วนตัว/เอกสารอ้างอิง/ว่าง/มีภาพไม่พอ หรือยังไม่ใช่งานเดี่ยว; ต้องหาไฟล์งานที่เหมาะสมก่อน รายละเอียดตรวจ: Do not publish yet; exclude the chat image, verify event date, and find more suitable event coverage plus venue/service facts."
คุณเฟริส&คุณโฟล์ค,https://drive.google.com/drive/folders/1LQ2p0gPxhxe0-QUvvgWh1jPOuzOOc1rU,wedding,13,0,coherent_but_curate_needs_context,"13 JPGs named LINE_ALBUM_คุณเฟริส_คุณโฟล์ค_260425_1..13.jpg. Filenames match couple; 260425 suggests 25 Apr 2026 but folder has no date, so confirm. Thumbnails show one coherent wedding reception with stage/backdrop, group portraits and banquet; some repeated group poses, no unrelated set observed. Venue and Elite Flow role/service details missing.",Potential concise case after confirming date and adding venue and Elite Flow scope; select varied images.,published:/admin/content/projects/first-folk-wedding,มีผลงานเผยแพร่แล้ว — ไม่สร้างซ้ำ,จับคู่กับหน้าผลงานเดิมใน localhost; ถ้าจะเพิ่มภาพให้ตรวจว่าเป็นชุดเดียวกับหน้าเดิมก่อน รายละเอียดตรวจ: Potential concise case after confirming date and adding venue and Elite Flow scope; select varied images.
คุณเฟิร์น&คุณบอม 23.3.2025,https://drive.google.com/drive/folders/1y6wWWWn8MFGd1oMMW5t-Uxfs7ju57yZW,wedding,0,0,empty_folder,Google Drive displayed the folder as empty: no files and no child folders.,Cannot draft a portfolio story from this folder until the event images are located.,,ยังไม่พร้อมทำโชว์เคสจากชุดนี้,ชุดปัจจุบันเป็นภาพส่วนตัว/เอกสารอ้างอิง/ว่าง/มีภาพไม่พอ หรือยังไม่ใช่งานเดี่ยว; ต้องหาไฟล์งานที่เหมาะสมก่อน รายละเอียดตรวจ: Cannot draft a portfolio story from this folder until the event images are located.
คุณเมย์&คุณหนึ่ง ขามเปี้ย 5.1.2025,https://drive.google.com/drive/folders/1nRirOcZSKFOA-QQrFhRlUxUKJ2THFRds,wedding,45,0,coherent_but_curate,"45 JPGs; filenames consistently match couple and date 5.1.68 (B.E. 2568 = 2025). Sampled thumbnails show coherent wedding ceremony/reception: groom with microphone, family/group photos, ritual scene, stage/backdrop; some near-duplicate portraits and informal selfie/BTS frames. No obvious unrelated event set in sampled views. Filename token 251001 appears to be common export marker, not verified event date. Venue and Elite Flow role/service details missing.","Potential article candidate after curating strongest images, checking all images for privacy/quality, and confirming event venue and Elite Flow scope.",,ทำโชว์เคสแบบสั้นได้เมื่อได้ภาพและตรวจความตรง,"ใช้ title จากชื่อโฟลเดอร์และใส่ gallery ได้; ไม่ต้องเติมข้อมูลวัน/สถานที่/บริการที่ไม่มีหลักฐาน รายละเอียดตรวจ: Potential article candidate after curating strongest images, checking all images for privacy/quality, and confirming event venue and Elite Flow scope."
คุณอ้อง&คุณแนน 23.8.2025,https://drive.google.com/drive/folders/1YXnJD8nS8_EUXcE0U9f5mJYza2qGvcIj,wedding,36,0,confirmed_mixed,"26 JPGs named LINE_ALBUM_grand opening ขอนแก่นดีไซน์_251001_1..26.jpg and 10 named LINE_ALBUM_คุณอ้อง_คุณแนน_251001_1..10.jpg. Thumbnail samples show distinct visual groups: 26 mostly another wedding/ceremony with different group/backdrop, and 10 matching Aong–Nan ceremony photos. Token 251001 conflicts with folder date 23.8.2025 if interpreted as event date.",Separate the 10 Aong–Nan images from the 26 Grand Opening set; verify what event the first group depicts and confirm date before publishing.,,คัด/แยกภาพและยืนยันชุดก่อน,ใช้รูปแบบ title + body ซ้ำ title + gallery ได้หลังแยกภาพให้เป็นงาน/คู่เดียวกันและตัดภาพแชตหรือภาพส่วนตัวออก รายละเอียดตรวจ: Separate the 10 Aong–Nan images from the 26 Grand Opening set; verify what event the first group depicts and confirm date before publishing.
คุณอุ๋ม&คุณปิง,https://drive.google.com/drive/folders/1iHHrDUOwQRMYVx3MNEL0QYhpDtzQSPbY,wedding,33,0,coherent_but_curate_needs_date,"33 JPGs named LINE_ALBUM_คุณอุ๋ม_คุณปิง_260501_1..33.jpg. Filenames match couple; token 260501 suggests 1 May 2026 but folder name has no date. Sampled thumbnails show one coherent outdoor evening wedding with ceremony setup, couple, decor and guests; some similar group/portrait frames. No unrelated event set seen. Venue and Elite Flow scope missing.","Good visual candidate after confirming date, venue and team responsibilities; curate repeated frames.",published:/admin/content/projects/aum-ping-wedding (มีหน้าอยู่แล้ว; โฟลเดอร์ต้นทางปนงาน),มีผลงานเผยแพร่แล้ว — ไม่สร้างซ้ำ,"จับคู่กับหน้าผลงานเดิมใน localhost; ถ้าจะเพิ่มภาพให้ตรวจว่าเป็นชุดเดียวกับหน้าเดิมก่อน รายละเอียดตรวจ: Good visual candidate after confirming date, venue and team responsibilities; curate repeated frames."
คุณไอ&คุณบอล 20.1.2025,https://drive.google.com/drive/folders/14NOGLg3WoQhYuy3vfTrE6sYniIwFwCqU,wedding,50,0,confirmed_mismatch,"All 50 visible filenames are LINE_ALBUM_คุณแก๊ป_คุณแซค_251001_1..50.jpg, conflicting with folder name คุณไอ&คุณบอล. Sample thumbnails show one coherent outdoor wedding ceremony/reception (lawn, arch, guests, couple/procession); likely wrong event contents, not a mixed set based on sampled views. Date and actual couple need confirmation.",Do not use under this folder/couple; identify correct event ownership and destination before article drafting.,,คัด/แยกภาพและยืนยันชุดก่อน,ใช้รูปแบบ title + body ซ้ำ title + gallery ได้หลังแยกภาพให้เป็นงาน/คู่เดียวกันและตัดภาพแชตหรือภาพส่วนตัวออก รายละเอียดตรวจ: Do not use under this folder/couple; identify correct event ownership and destination before article drafting.
เคาท์ดาวชุมแพ 2025,https://drive.google.com/drive/folders/1g_ulDkxt-gHwocUtELyqoCR2dmnAnX6S,community,14,0,needs_curation,14 same-event-labeled images; samples mostly staff selfies/stage setup and several near-duplicates. Weak standalone case until stronger action/event coverage is selected.,,,ทำโชว์เคสแบบสั้นได้เมื่อได้ภาพและตรวจความตรง,ใช้ title จากชื่อโฟลเดอร์และใส่ gallery ได้; ไม่ต้องเติมข้อมูลวัน/สถานที่/บริการที่ไม่มีหลักฐาน รายละเอียดตรวจ: 14 same-event-labeled images; samples mostly staff selfies/stage setup and several near-duplicates. Weak standalone case until stronger action/event coverage is selected.
งานคอลลี่ย์,https://drive.google.com/drive/folders/1zFfSmbxEYoONxKxJsjmKNRvzKd0ey7vL,unclear,50,0,candidate_needs_facts,"50 sequential files appear to show one company gathering/reward/activity with stage, group and activity shots. Strong image base; first group photos near-duplicates. Need formal event name/date/location/team role.",,,ทำโชว์เคสแบบสั้นได้เมื่อได้ภาพและตรวจความตรง,"ใช้ title จากชื่อโฟลเดอร์และใส่ gallery ได้; ไม่ต้องเติมข้อมูลวัน/สถานที่/บริการที่ไม่มีหลักฐาน รายละเอียดตรวจ: 50 sequential files appear to show one company gathering/reward/activity with stage, group and activity shots. Strong image base; first group photos near-duplicates. Need formal event name/date/location/team role."
งานคุณ 𝑻𝒐𝒑 & 𝑨𝒆,https://drive.google.com/drive/folders/168lY-3D6N3mQY95cfUxyq1FmSxf4zpqY,wedding,,,blocked_loading_ui,"Drive folder opened through visible root UI, but folder contents remained at Loading on a second normal accessibility snapshot; no child/file listing or thumbnails accessible. Stopped without workaround.",Not assessed; cannot decide article readiness until Drive UI loads.,,รอตรวจ — Drive ยังโหลดรายการไม่ได้,ยังยืนยันชื่อเรื่องและภาพไม่ได้; ตรวจใหม่เมื่อหน้า Drive แสดงไฟล์ รายละเอียดตรวจ: Not assessed; cannot decide article readiness until Drive UI loads.
งานถวายพระเกียรติเนื่องในโอกาสเฉลิมพระชนมพรรษา 28.7.2025,https://drive.google.com/drive/folders/1o2E0bDnPxDZDutIP51Ar0TqL7dn_UBn-,community,7,0,coherent_names_only,7 event-named images show a formal royal tribute setup and staff group/selfies; repetitive and small set. Need venue and exact Elite Flow role.,,,ทำโชว์เคสแบบสั้นได้เมื่อได้ภาพและตรวจความตรง,ใช้ title จากชื่อโฟลเดอร์และใส่ gallery ได้; ไม่ต้องเติมข้อมูลวัน/สถานที่/บริการที่ไม่มีหลักฐาน รายละเอียดตรวจ: 7 event-named images show a formal royal tribute setup and staff group/selfies; repetitive and small set. Need venue and exact Elite Flow role.
จำชื่องานไม่ได้แล้ว,https://drive.google.com/drive/folders/1D8pYdXrnXQLCGehdHenJODZ4OvdQO5iX,unclear,48,0,confirmed_mixed,"48 generic/numeric filenames; sample thumbnails show film-set/backstage crew and talent, plus separate convention/audience/stage events and performers. Separate and identify events before any portfolio article.",,,คัด/แยกภาพและยืนยันชุดก่อน,"ใช้รูปแบบ title + body ซ้ำ title + gallery ได้หลังแยกภาพให้เป็นงาน/คู่เดียวกันและตัดภาพแชตหรือภาพส่วนตัวออก รายละเอียดตรวจ: 48 generic/numeric filenames; sample thumbnails show film-set/backstage crew and talent, plus separate convention/audience/stage events and performers. Separate and identify events before any portfolio article."
เดินแบบแฟชั่นโชว์ ร้อยรักษ์ผ้าไทย,https://drive.google.com/drive/folders/1ofOSzgsVwDYJICC20mVW5iRZnca8z8EM,fashion,11,0,candidate_needs_facts,"11 images appear to cover one Thai-textile fashion show (runway, stage screen, audience, opening/performance). Exact event title/date/venue and Elite Flow responsibilities missing.",,,ทำโชว์เคสแบบสั้นได้เมื่อได้ภาพและตรวจความตรง,"ใช้ title จากชื่อโฟลเดอร์และใส่ gallery ได้; ไม่ต้องเติมข้อมูลวัน/สถานที่/บริการที่ไม่มีหลักฐาน รายละเอียดตรวจ: 11 images appear to cover one Thai-textile fashion show (runway, stage screen, audience, opening/performance). Exact event title/date/venue and Elite Flow responsibilities missing."
นิวเยียร์ ปาร์ตี้ บ้านพอพาน 2025,https://drive.google.com/drive/folders/1BuqvV0EXRMwsbNJtN77ViEA0RJ0gs_On,event,6,0,exclude_private_item_needs_context,"6 files; one is a LINE chat screenshot and should be excluded. Remaining 5 show a decorated small gathering, but New Year identity/date is not visually established; verify context.",,,ยังไม่พร้อมทำโชว์เคสจากชุดนี้,"ชุดปัจจุบันเป็นภาพส่วนตัว/เอกสารอ้างอิง/ว่าง/มีภาพไม่พอ หรือยังไม่ใช่งานเดี่ยว; ต้องหาไฟล์งานที่เหมาะสมก่อน รายละเอียดตรวจ: 6 files; one is a LINE chat screenshot and should be excluded. Remaining 5 show a decorated small gathering, but New Year identity/date is not visually established; verify context."
โปรไฟล์พิธีกร,https://drive.google.com/drive/folders/1jUFepHZ7ZtX6hZhDBP59aMTRSQU-65yB,reference,45,0,needs_context,45 images with multiple filename groups and unclear event/profile relationship; not a single case until identified.,,,ยืนยันชื่อเรื่องและความตรงของภาพก่อน,รูปแบบสั้นไม่จำเป็นต้องมีวัน สถานที่ หรือบทบาททีม แต่ต้องรู้ว่าภาพเป็นงานใดและใช้ title อะไรได้อย่างถูกต้อง รายละเอียดตรวจ: 45 images with multiple filename groups and unclear event/profile relationship; not a single case until identified.
ผจก.กองฯ MUTLOEI 2024,https://drive.google.com/drive/folders/1kJd4fTDajqeCpXXblRVidpfLUuc1IY2k,entertainment,51,0,audited,"51 images; pageant/runway and MUT Loei performers mixed with community/temple/city scenes, ceremonies and group shots. Repetitive near-consecutive stage frames.","Potential pageant/event portfolio; split activities if needed and confirm official event title, date, venue and Elite Flow role before drafting.",,ทำโชว์เคสแบบสั้นได้เมื่อได้ภาพและตรวจความตรง,"ใช้ title จากชื่อโฟลเดอร์และใส่ gallery ได้; ไม่ต้องเติมข้อมูลวัน/สถานที่/บริการที่ไม่มีหลักฐาน รายละเอียดตรวจ: Potential pageant/event portfolio; split activities if needed and confirm official event title, date, venue and Elite Flow role before drafting."
มัดหมี่โลก 2023,https://drive.google.com/drive/folders/1wCJDE7gsd4IsbJvZqTTyNZJm-R080JGO,fashion,40,0,audited,"40 images; textile/fashion event, runway/stage, woven crafts, books/products and ceremony/venue. Numeric/Facebook filenames; some blanks or similar frames. Existing article status points to four-lands-cultural-evening, so possible duplicate.",Coherent fashion/textile event candidate; check existing article to avoid duplication and confirm title/date/venue/role before drafting.,,ทำโชว์เคสแบบสั้นได้เมื่อได้ภาพและตรวจความตรง,ใช้ title จากชื่อโฟลเดอร์และใส่ gallery ได้; ไม่ต้องเติมข้อมูลวัน/สถานที่/บริการที่ไม่มีหลักฐาน รายละเอียดตรวจ: Coherent fashion/textile event candidate; check existing article to avoid duplication and confirm title/date/venue/role before drafting.
รีวิว,https://drive.google.com/drive/folders/1mNYvKZSFIgZtGSN4RJScBS18h0qAwoMc,reference,16,0,not_single_case,Aggregate of review images named for multiple separate jobs/customers; split into individual case/testimonial sets.,,,ยังไม่พร้อมทำโชว์เคสจากชุดนี้,ชุดปัจจุบันเป็นภาพส่วนตัว/เอกสารอ้างอิง/ว่าง/มีภาพไม่พอ หรือยังไม่ใช่งานเดี่ยว; ต้องหาไฟล์งานที่เหมาะสมก่อน รายละเอียดตรวจ: Aggregate of review images named for multiple separate jobs/customers; split into individual case/testimonial sets.
ลอยกระทงชุมแพ 2024,https://drive.google.com/drive/folders/1feaK7Vv20dv5qzMln4_84v9pShpKxKue,community,48,0,audited,"48 sequential LINE album images; stage concert, performers, crowd and festival scenes. Many near-identical views.","Community event portfolio candidate; curate selects and confirm date, venue and Elite Flow role before drafting.",,ทำโชว์เคสแบบสั้นได้เมื่อได้ภาพและตรวจความตรง,"ใช้ title จากชื่อโฟลเดอร์และใส่ gallery ได้; ไม่ต้องเติมข้อมูลวัน/สถานที่/บริการที่ไม่มีหลักฐาน รายละเอียดตรวจ: Community event portfolio candidate; curate selects and confirm date, venue and Elite Flow role before drafting."
ลำดับงานพิธีแต่งงาน,https://drive.google.com/drive/folders/1GcWC3RZly-hT6ZGfhEaRzB4ehgT8hzAV,reference,12,20,reference_only,"12 loose images plus 20 numbered ceremony-sequence folders; educational/process reference, not a client portfolio case.",,,ยังไม่พร้อมทำโชว์เคสจากชุดนี้,"ชุดปัจจุบันเป็นภาพส่วนตัว/เอกสารอ้างอิง/ว่าง/มีภาพไม่พอ หรือยังไม่ใช่งานเดี่ยว; ต้องหาไฟล์งานที่เหมาะสมก่อน รายละเอียดตรวจ: 12 loose images plus 20 numbered ceremony-sequence folders; educational/process reference, not a client portfolio case."
หมื่นเส้นไหม สานสายใยสี่แผ่นดิน,https://drive.google.com/drive/folders/1uVbj-c4L7v_PloFwnFxV2QU4vF7Fj41F,event,48,0,audited,"48 A_0001-style images; hall stage/banner, textile crafts and silk products, ceremony/portrait imagery and exhibition displays. Some similar display frames. Existing article status points to four-lands-cultural-evening.",Already linked to a published article; verify it matches this folder and avoid duplicate post. Confirm event details and Elite Flow role.,published:/admin/content/projects/four-lands-cultural-evening,มีผลงานเผยแพร่แล้ว — ไม่สร้างซ้ำ,จับคู่กับหน้าผลงานเดิมใน localhost; ถ้าจะเพิ่มภาพให้ตรวจว่าเป็นชุดเดียวกับหน้าเดิมก่อน รายละเอียดตรวจ: Already linked to a published article; verify it matches this folder and avoid duplicate post. Confirm event details and Elite Flow role.
อุดรธานี 20.1.2025,https://drive.google.com/drive/folders/1Q3LaQFPr8wKF6_o63NOOj5C3fGpOTG5_,unclear,25,0,audited,"25 LINE album images; ballroom ceremony, stage, a woman speaking and formal-attire groups. Several similar stage frames; event type/title unclear from samples.","Do not draft yet; identify event title/type, date, venue and Elite Flow role first.",,ทำโชว์เคสแบบสั้นได้เมื่อได้ภาพและตรวจความตรง,"ใช้ title จากชื่อโฟลเดอร์และใส่ gallery ได้; ไม่ต้องเติมข้อมูลวัน/สถานที่/บริการที่ไม่มีหลักฐาน รายละเอียดตรวจ: Do not draft yet; identify event title/type, date, venue and Elite Flow role first."
